Polish,English
nie,NO
to,this
się,myself
na,on
co,What
że,That
jest,Is
do,down
tak,Yes
jak,How
mnie,me
ale,But
mi,me
za,for
ja,I
ci,you
tu,here
go,him
tego,this
tym,this
ty,you
czy,Whether
tylko,Just
po,after
jestem,I am
cię,you
ma,has
może,Maybe
już,Already
mam,I have
jesteś,You are
pan,you
coś,something
dla,For
wiem,I know
dobrze,All right
jeśli,If
od,From
teraz,Now
proszę,Please
tam,there
wszystko,All
masz,You have
więc,So
nic,nothing
być,to be
będzie,will be
gdzie,Where
są,are
on,he
mogę,I can
ten,this
ciebie,you
sobie,yourself
wiesz,You know
ze,That
bardzo,Very
jej,her
kiedy,When
był,was
jeszcze,still
nas,us
chcę,I want
mój,my
było,was
no,yeah
przez,By
by,by
pani,you
ją,I
jego,his
ich,their
dlaczego,Why
chcesz,You want
żeby,To
tutaj,here
mamy,We have
też,Too
bo,because
dobra,All right
kto,Who
nigdy,Never
przepraszam,Sorry
mu,him
naprawdę,Really
możesz,You can
chyba,I guess
porządku,okay
dziękuję,Thank you
muszę,I have to
panie,sir
właśnie,Exactly
ona,She
domu,home
zrobić,to do
nawet,even
gdy,When
prawda,TRUE
te,these
nam,us
będę,I will
zawsze,Always
bez,without
nim,him
je,eats
była,was
jesteśmy,we are
dzięki,Thanks
tej,this one
moja,My
trochę,A bit
ktoś,someone
musisz,you have to
cześć,Hi
hej,hey
lat,years
moje,my
pana,sir
musimy,we have to
dalej,next
twój,your
wszyscy,all
czas,time
chce,I want
który,which
więcej,more
tobą,you
boże,God
powiedzieć,to say
sam,alone
chodzi,goes
czego,what
ta,yeah
możemy,We can
albo,or
mną,me
razem,Together
niech,let
dobry,Good
raz,once
stało,happened
was,mustache
czym,what
prostu,simply
będziesz,you will
chodź,come
czemu,Why
przed,Before
ludzi,people
daj,give
ludzie,People
dzień,Day
przy,by
życie,life
niż,than
robisz,you do
myślę,I think
lepiej,Better
kim,who
myślisz,Do you think
miał,had
my,we
nikt,nobody
czasu,time
powiedz,Say
rzeczy,things
twoja,your
tych,these
stąd,hence
niego,him
mówi,says
im,them
temu,ago
jeden,one
pod,under
musi,has to
siebie,myself
twoje,your
powiedział,he said
oczywiście,Of course
ok,ok
moim,mine
oni,they
dwa,two
które,which
pewnie,Sure
dziś,today
kurwa,whore
wie,he knows
taki,such
aby,To
skąd,from where
cholera,cholera
dzieje,happening
wygląda,looks
wtedy,then
mojego,mine
takie,such
ile,How many
wszystkie,all
mieć,to have
dlatego,Which is why
znaczy,means
będziemy,we will
potem,then
jasne,Of course
iść,to go
dużo,A lot
cóż,Well
tę,these
byłem,I was
rozumiem,I see
wam,to you
miejsce,place
cały,whole
trzeba,it's necessary to
moją,My
można,you can
pomóc,help
jako,as
nich,them
szybko,Quick
jakiś,some
mojej,mine
nią,her
mają,May
wszystkich,everyone
jakieś,some
wiedzieć,know
swoje,own
przykro,I'm sorry
stary,old
zaraz,In a second
myśli,thinks
dzieci,kids
nad,over
wiele,many
kochanie,Honey
kilka,several
mówię,I say
mówisz,you say
zanim,before
miałem,I had
kocham,I love
świetnie,Great
tobie,you
takiego,like this
tyle,so much
robić,to do
trzy,Three
idź,go
kogoś,someone
ani,or
pewno,certainly
myślałem,I thought
widzisz,You see
kiedyś,Once
robi,does
widzę,I see
jaki,What
niej,her
ojciec,father
zbyt,too
która,which
zobaczyć,see
przestań,Stop
sposób,way
pracy,work
dzisiaj,Today
sie,myself
później,Later
bardziej,more
będą,they will
aż,until
życia,life
jutro,Tomorrow
tą,this one
rację,right
żebyś,you
długo,long
tato,dad
każdy,everyone
twoim,yours
chciałem,I wanted to
dni,days
twojej,yours
nadzieję,hope
stanie,standing
koniec,end
znam,I know
mamo,Mom
swoją,yours
problem,problem
żyje,is alive
potrzebuję,I need
widziałem,I saw
spokój,composure
powiem,I will say
minut,minutes
broń,weapon
panu,sir
mógł,could
nami,us
wy,You
nocy,night
wciąż,still
znowu,again
pieniądze,money
imię,name
dnia,day
zabić,kill
drzwi,door
pierwszy,first
taka,like that
nasz,our
posłuchaj,listen
ponieważ,Because
słuchaj,listen
jakie,What
gdyby,if
miło,Nice
spójrz,look
chciałbym,I'd like
sir,sir
razie,for now
nasze,our
dokładnie,Exactly
czuję,I feel
zrobił,he did
dobre,Good
samo,itself
nadal,still
człowiek,man
twoją,your
znaleźć,to find
chwilę,times
chciał,he wanted
kogo,whom
zostać,stay
czegoś,something
wszystkim,everything
został,stayed
roku,year
mówić,to talk
jesteście,you are
facet,guy
mów,speak
powiedziałem,I said
były,were
którzy,who
dziecko,kid
idziemy,let's go
sama,alone
macie,you have it
mówiłem,I told you
we,in
napisy,writings
mogą,they can
spokojnie,Relax
sobą,yourself
bym,I would
miała,she had
przecież,yet
dom,house
poza,apart from
zamknij,close
byłeś,you were
lubię,I like
oh,oh
żadnych,none
pomocy,Help
prawie,almost
gdzieś,somewhere
porozmawiać,talk
wcześniej,before
podoba,I like it
zrobię,I will
czekaj,Wait
dość,enough
twojego,yours
lub,or
moich,mine
razy,times
znasz,you know
mały,small
ciągle,all the time
jakby,as if
wydaje,spends
mama,mother
powinniśmy,we should
jeżeli,if
jack,jack
powinieneś,you should
innego,another
sprawy,matters
rozumiesz,You understand
trzymaj,hold
końcu,finally
powodu,reason
jedno,one thing
pamiętasz,you remember
pomysł,idea
noc,night
pewien,a
którą,which
wiemy,we know
bądź,or
żebym,so that
numer,number
oczy,Eyes
lata,years
dwie,two
miejscu,place
dokąd,where
och,oh
pokoju,peace
chodźmy,let's go
ojca,father
weź,take it
idę,I'm going
samochód,car
nowy,new
jednak,But
świat,world
źle,Badly
którego,whose
niczego,nothing
oto,here
dwóch,two
sprawa,thing
swój,your
idzie,goes
takim,like this
jedną,one
wystarczy,enough
byłam,I was
rano,in the morning
nimi,them
halo,Hello
byś,you would
życiu,life
całe,whole
wiedziałem,I knew
swojego,your own
śmierć,death
ręce,hands
musiał,he had to
którym,which
całą,whole
chcą,they want
da,yes
właściwie,actually
zrób,do
panowie,gentlemen
skoro,since
drogi,Dear
czujesz,you feel
dam,I'll give it
pozwól,let me
wyglądasz,you look
jednego,one
jedna,one
mówił,he spoke
których,which
świecie,world
patrz,Look
nikogo,nobody
byli,they were
pytanie,question
swoim,your own
której,which one
powinienem,I should
jezu,Jesus
dać,to give
rzecz,thing
powiedziała,she said
powiedziałeś,You said
najpierw,firstly
sądzę,I think so
prawo,law
matka,mother
widzieć,see
John,John
dr,Dr
telefon,phone
podczas,while
wczoraj,Yesterday
śmierci,death
pracę,work
pamiętam,I remember
uważaj,be careful
parę,a couple
wrócić,come back
diabła,devil
the,the
robię,I do
zrobiłem,I did
kobiety,women
poważnie,seriously
miejsca,places
znów,again
cholery,damn
zrobiłeś,you did
sprawę,matter
zaczekaj,Wait
powiesz,you say
rób,do
natychmiast,immediately
dziewczyna,girl
również,also
działa,works
słyszałem,I heard
pięć,five
super,great
swoich,their own
mówią,they say
witam,Hello
całkiem,quite
cokolwiek,whatever
witaj,Hello
gdybym,if
żona,wife
prawdę,the truth
zostaw,leave
bóg,God
wierzę,I believe
szybciej,faster
nieźle,not bad
wielu,many
inaczej,otherwise
gra,game
dopiero,only
wcale,at all
pieniędzy,money
pójdę,I'll go
godziny,hours
wiedział,he knew
udało,it worked
człowieka,man
stać,be
wina,fault
wiecie,you know
swojej,yours
poznać,to get to know
inne,other
jednym,one
myślałam,I thought
miałam,I had
chwili,moment
innych,others
dopóki,until
nowa,new
kobieta,woman
nowego,new
miłość,love
ziemi,earth
inny,other
przynajmniej,at least
nasza,our
ważne,important
wiadomość,message
dolarów,dollars
słowa,words
słucham,I'm listening
naszych,ours
naszej,ours
między,between
dostać,to receive
czasem,sometimes
chciałam,I wanted to
jaką,what
gówno,shit
brzmi,sounds
chcemy,we want
każdego,everyone
raczej,rather
możliwe,That's possible
każdym,every
widziałeś,you saw
dawaj,come on
nazywa,calls
powinien,should
zabrać,take away
dziewczyny,girls
miałeś,you had
chłopaki,guys
doktorze,doctor
potrzebuje,I need
zgadza,that's right
zrobimy,we will do it
godzin,hours
ostatni,last
wieczór,evening
świata,world
serce,heart
martw,dead
wielki,great
powrotem,back
żyć,lives
one,they
plan,plan
pl,pl
byłoby,it would be
potrzebujemy,we need
dobranoc,Good night
żadnego,none
kapitanie,Captain
zobaczenia,see you soon
możecie,you can
wspaniale,excellent
ogóle,in general
także,too
pół,half
idziesz,you're going
takich,such
pojęcia,concepts
twoich,yours
czymś,something
cztery,four
skarbie,Honey
tata,dad
naszego,ours
panią,Mrs
wybacz,Sorry
chcecie,you want
zrobisz,you will
pokój,room
poczekaj,Wait
uda,thighs
głowy,head
szczęście,luck
wyjść,go out
robota,job
naszym,ours
syn,son
gotowy,ready
cieszę,I'm glad
głowę,head
rozmawiać,to talk
krwi,blood
wszystkiego,all
zabił,killed
czasie,time
ciało,body
należy,should
dziwne,Weird
została,she stayed
przeciwko,against
ruszaj,move
cała,whole
strony,pages
jaka,what
mógłbym,I could
oznacza,means
pomoc,help
taką,like this
zostało,left
miasta,city
tłumaczenie,translation
końca,end
zostanie,will stay
policja,Police
mieli,they had
pewna,sure
obchodzi,cares
ode,ode
syna,son
czasami,Sometimes
twarz,face
rok,year
mieliśmy,we had
lecz,but
ostatnio,lately
uwierzyć,believe
daleko,far
rodziny,family
mogłem,I could
lubisz,you like
blisko,close
zły,bad
środku,middle
boga,god
byliśmy,we were
drodze,road
szkoły,schools
czeka,waiting
słowo,word
radę,advice
człowiekiem,human
mogła,she could
brat,brother
mała,small
krew,blood
najbardziej,the most
wejść,come in
zewnątrz,outside
mąż,husband
robimy,we do
słyszysz,you hear?
kimś,someone
część,Hi
wieczorem,In the evening
widziałam,I saw
zna,knows
wody,water
moi,my
potrzebujesz,you need
lubi,likes
wracaj,come back
rękę,hand
tydzień,week
frank,franc
wrócę,I'll be back
innym,others
wypadek,accident
mówiłeś,you said
stronie,website
mógłbyś,you could
sprawie,case
zobaczymy,We'll see
wziąć,to take
gdybyś,if
naszą,our
nazywam,I call
późno,late
zależy,depends
człowieku,man
góry,mountains
pomóż,help
jechać,to go
pokaż,show
ciężko,hard
napisów,subtitles
serio,seriously
roboty,robots
zrobi,will do
mniej,less
broni,weapons
kiedykolwiek,whenever
temat,topic
mało,little
popatrz,look
charlie,Charlie
prawa,laws
miesięcy,months
pójść,go
koleś,dude
jedziemy,let's go
wkrótce,soon
nowe,new
pierwsze,first
nazwisko,last name
miasto,city
racja,right
leci,it's flying
zostań,stay
stronę,page
nieważne,Never mind
chciała,she wanted
chłopak,boy
zdjęcia,photos
znalazłem,I found
powinno,it should
robią,they do
powinnaś,you should
statek,ship
zostały,they stayed
wszędzie,everywhere
prosto,straight
wielkie,great
dół,hole
zupełnie,quite
tędy,this way
spotkanie,meeting
małe,small
ponad,above
według,According to
widział,he saw
mówiąc,speaking
drogę,road
doktor,doctor
praca,Work
drugi,second
byłaś,you were
górę,up
wiedzą,knowledge
mieście,city
jakoś,somehow
film,movie
czyli,That is
chociaż,though
kłopoty,troubles
droga,way
samochodu,car
szansę,chance
zatrzymać,stop
niemożliwe,impossible
spać,to sleep
chłopcy,boys
mógłby,could
wasza,yours
sądzisz,you think
przyjaciel,friend
michael,michael
tymi,these
złe,Badly
mogli,they could
synu,son
powiedziałam,I said
szkoda,Pity
całym,whole
żaden,no
taa,yeah
trzech,three
wami,you
pracuje,He's working
faceta,guy
sprawdzić,to check
pogadać,talk
serca,hearts
you,you
kraju,country
dał,distance
trudno,difficult
drugiej,second
zaczyna,begins
brak,lack
choć,though
powinnam,I should
ruszać,move
chciałabym,I would like to
cicho,quiet
samego,alone
dziewczynę,girl
godzinę,an hour
piękna,Beautiful
jakąś,some
tom,volume
www,www
widzenia,goodbye
spotkać,meet
pracować,work
żadnej,none
pa,bye
spróbuj,try
znać,know
ciała,body
przyjaciół,friends
razu,right away
zapomnij,forget it
harry,harry
najlepszy,best
ostatnie,last
policji,police
otwórz,open
problemy,problems
ojcem,father
przykład,example
myśleć,think
głupi,stupid
wolno,slow
słyszałeś,you heard
powodzenia,Good luck
rodzina,family
pomoże,will help
kilku,several
uwagę,attention
muszą,they have to
chwila,one sec
jakaś,some
zdjęcie,photo
środka,measure
nowym,new
szefie,boss
odejść,leave
wspólnego,common
musiałem,I had to
sami,themselves
ziemię,earth
dawno,long time ago
będziecie,you will
trzymać,to hold
pracuję,He's working
pewnego,sure
inni,others
gotowi,ready
sześć,six
głowie,head
zabierz,take away
sekund,seconds
zmienić,to change
zabiję,I will kill
czekać,wait
gość,guest
walczyć,fight
chwileczkę,wait a minute
wystarczająco,sufficiently
musicie,you have to
dasz,you will
tysięcy,thousands
pierwsza,first
zadzwonić,call
rady,advice
prawdopodobnie,probably
zostawić,to leave
niestety,Unfortunately
zobacz,Look
nagle,suddenly
wezmę,i'll take
zabawne,funny
żonę,wife
panem,sir
większość,majority
wracam,I'm coming back
joe,joe
wiedziałam,I knew
brata,brother
często,often
powie,he will say
dobrym,good
tyłu,so many
błąd,mistake
boję,I'm afraid
cel,objective
rany,wounds
mówiłam,I told you
wasze,yours
niczym,like
obiecuję,I promise
początku,beginning
historia,history
chciałeś,you wanted
uwaga,Attention
gotowa,ready
zacząć,start
zatem,therefore
tony,tons
istnieje,exists
jednej,one
pokazać,show
nikomu,no one
jakim,what
rodzice,parents
okay,okay
szkole,school
czuje,I feel
los,moose
george,george
david,david
obok,Near
uspokój,calm down
chodźcie,come on
miało,had
całkowicie,entirely
stój,stop
wiadomości,the news
pomyślałem,I thought
nogi,legs
org,org
ulicy,street
matki,mothers
fbi,fbi
jedź,go
wojny,war
ciągu,within
okazji,occasion
zadzwonię,I'll call
około,about
ojcze,father
samym,alone
uważam,I think
miłości,love
mike,Mike
przyszedł,he came
tygodniu,week
prawdziwe,real
zadzwoń,call
widać,can be seen
myśl,thought
pozwolić,to let
słyszę,I hear you
wracać,return
dajcie,come on
historii,history
http,http
zajmę,I'll take care of it
wieku,century
jedynie,only
zamiast,instead
jakiegoś,some
umrzeć,die
wróci,will come back
przyjdzie,will come
łatwo,easy
siostra,sister
oraz,and
prawdziwy,TRUE
czyż,siskin
następny,next
proste,easy
rodzinę,family
uważasz,you think
córka,daughter
piękne,Beautiful
dłużej,longer
mężczyzna,man
przyjacielem,friend
chryste,Christ
niedługo,soon
tyłek,butt
złego,bad
james,James
kupić,to buy
takiej,like this
póki,while
osób,people
powiedziałaś,you said
pytania,questions
niby,kind of
włosy,hair
nienawidzę,I hate it
boli,it hurts
moment,moment
wrócił,he's back
znajdę,I will find it
przysięgam,I swear
stan,condition
strasznie,terrible
potrafię,I can
daje,gives
zrobiła,she did
spokoju,peace
ben,ben
spróbować,try
męża,husband
górze,upstairs
wyboru,choice
szukam,I'm looking for
mówiła,she said
kobietą,woman
dowiedzieć,find out
znaleźliśmy,we found it
żartujesz,you're kidding
and,and
znajdziemy,we will find
bracie,brother
mieszka,lives
najlepiej,best
najlepsze,the best
przyjaciele,friends
kapitan,captain
dziewczyną,girl
wstawaj,get up
dziecka,baby
uwielbiam,I love
następnym,next
zła,evil
ludźmi,people
kocha,loves
zatrzymaj,stop
twarzy,face
tygodnie,weeks
ludziom,people
robił,he did
światło,light
jorku,york
milionów,millions
kochasz,you love
zwykle,usually
rozkaz,order
odpowiedź,answer
znalazł,found
niezły,not bad
nigdzie,nowhere
oboje,both
odkąd,since
ponownie,again
same,themselves
walki,fighting
głos,voice
duży,big
uciec,escape
zająć,hare
pewnością,certainly
widzi,sees
szpitala,hospital
mogłeś,you could
bogu,god
samolot,plane
powód,reason
panno,Miss
centrum,center
świetny,great
żony,wives
młody,young
tacy,tray
stoi,stands
wreszcie,at last
hotelu,hotel
wielka,great
zobaczysz,you'll see
mimo,despite
jakiego,what
seks,sex
próbuję,I'm trying
dostaniesz,you will get it
obawiam,I'm afraid
interes,business
ogień,fire
reszta,rest
pasuje,it suits
wasz,yours
niektórzy,some
powinna,should
sen,dream
grać,play
wojna,war
dostał,got
mocy,power
moglibyśmy,we could
potrafi,he can
pamiętaj,Remember
uciekaj,run away
słychać,can be heard
samej,alone
gościa,guest
ból,pain
znaczenia,meanings
kolację,dinner
robotę,job
patrzcie,Look
zrobiłam,I did
stamtąd,from there
uważa,thinks
przestać,stop
każdej,each
zrozumieć,understand
szczerze,Honestly
zabije,will kill
wspaniałe,excellent
powstrzymać,stop
resztę,the rest
fajnie,Cool
łóżka,beds
śmieszne,funny
przyjacielu,friend
pewne,sure
tygodni,weeks
pies,dog
celu,purpose
przyszłość,future
jedzenie,food
twoi,yours
system,system
nieprawda,untruth
poszedł,he went
gotowe,ready
martwy,dead
musieli,they had to
otworzyć,open
pokażę,I'll show you
biura,offices
dzieckiem,child
przyjaciółmi,friends
facetem,guy
mocno,tightly
pytań,questions
zamierzam,I intend to
puść,let go
kobietę,woman
siły,strength
kolejny,next
części,parts
minuty,minutes
ciekawe,Interesting
słyszałam,I heard
jaja,eggs
sprawdź,check
moc,power
chłopcze,boy
dosyć,enough
małą,small
zobaczę,I'll see
żoną,wife
przyjaciela,friend
pewny,sure
ależ,oh
siadaj,sit down
dobrego,good
jadę,I'm going
osobą,person
szef,boss
musiała,she had to
filmu,movie
pójdziesz,you will go
informacje,information
bob,broad bean
lepsze,better
przyjść,come
szansa,chance
niesamowite,incredible
wierzysz,you believe
wspaniały,Excellent
prezent,gift
robicie,you do
hey,hey
jimmy,Jimmy
żebyśmy,so that we
dostałem,I got it
paul,Paul
sporo,a lot
słuchać,to listen
klucz,key
usiądź,sit down
list,letter
wieści,news
miły,nice
policję,the police
zamiar,intention
zrozumiałem,I understood
piękny,beautiful
jedyną,the only one
lepszy,better
kobiet,women
statku,ship
alex,alex
światła,lights
psa,dog
witamy,Welcome
pójdziemy,we'll go
pomogę,I will help
duże,big
mary,Mary
miesiąc,month
szczęśliwy,happy
oko,eye
ładnie,nicely
sensu,sense
całej,whole
więzienia,prison
przygotować,to prepare
podobno,apparently
nową,new
jedyny,only
jakbym,as if
przejść,pass
potrzeba,need
pójdzie,will go
pierwszym,first
coraz,increasingly
drugie,second
miałaś,you had
ktokolwiek,anyone
boisz,you're afraid
skończy,will finish
mnóstwo,plenty
bierz,take it
chcieli,they wanted
trudne,difficult
peter,Peter
nazywasz,you name
szukać,to look for
dole,downstairs
chodziło,it was about
potrafisz,you can
zapytać,ask
spotkamy,we will meet
wiedziałeś,you knew
sytuacji,situation
max,max
poproszę,please
dziesięć,ten
ostatnia,last
załatwić,arrange
poszło,it went
buty,Shoes
podaj,give it
zabiłeś,you killed
zajmie,will take
jazda,ride
zasady,rules
widziałaś,you saw
książki,books
koło,wheel
pozwolę,I will
ostrożnie,carefully
byłby,would be
wielkiego,great
pracujesz,you work
zamknąć,close
znajdź,find
usłyszeć,hear
wybór,choice
bezpieczeństwa,safety
wejdź,come in
gry,games
la,la
słuchajcie,listen
zrobiłaś,you did
prosić,ask
odpowiedzi,answers
dobrą,All right
stara,old
gotów,ready
obiad,Lunch
pięknie,Beautifully
brakuje,is lacking
mowy,speech
jedyne,the only one
zaczął,he started
drugą,the second one
ognia,fire
pomyśl,idea
drinka,drink
własne,own
atak,attack
prezydent,president
prowadzi,leads
cie,you
powoli,slowly
jake,jake
korekta,adjustment
pomiędzy,between
zginął,died
osoby,people
wersji,version
zjeść,eat
martwić,worry
osoba,person
chłopiec,boy
skończyć,end
spoko,Cool
próbował,he tried
mogłam,I could
kraj,country
jakbyś,as if
znak,sign
doskonale,excellent
jedynym,the only one
związek,relationship
wolę,I prefer
znajdzie,will find
komuś,to someone
zrobili,they did
król,king
próbowałem,I tried
pieprzony,fucking
wypadku,accident
jedyna,the only one
generale,General
wolny,free
woda,water
powiedzieli,they said
rodziców,parents
dzieciaki,kids
patrzeć,look
miłe,pleasantly
przyjęcie,adoption
agent,agent
zadanie,task
rodzaju,kind
lewo,left
ach,ah
siedem,seven
wysokość,height
specjalnie,especially
szpitalu,hospital
dane,data
dzieciak,child
zdanie,opinion
me,me
jeść,eat
uratować,save
mózgu,brain
niezła,nice
wiedziała,she knew
piwo,beer
sierżancie,Sergeant
przyszedłem,I came
samochodzie,car
staram,I'm trying
stylu,style
całego,whole
pora,time
kawę,coffee
znajdziesz,you will find
sygnał,signal
gorzej,worse
grupa,group
zniszczyć,destroy
osobiście,personally
kolego,buddy
żyjesz,you are alive
matką,mother
ślub,wedding
miesiące,months
dupę,ass
strzelać,shoot
oddaj,give it back
chory,sick
umarł,died
jakimś,some
wielkim,great
zaczynamy,here we go
Rachel,Rachel
częścią,part
dowód,evidence
program,program
owszem,yes
myślą,they think
rzuć,quit
próbuje,I'm trying
mogło,could
spraw,matters
wychodzi,leaves
chciałbyś,you would like
budynku,building
martwi,dead
niezłe,not bad
kawałek,piece
uh,uh
wiadomo,known
wokół,around
głupie,stupid
pułkowniku,Colonel
plany,plans
firmy,companies
naprzód,forward
odejdź,Go away
nauczyć,teach
znamy,we know
historię,history
telefonu,phone
więzieniu,prison
wcześnie,early
jakiej,what
metrów,meters
jedzie,he's going
związku,relationship
wyglądam,I look
danny,Danny
ostatniej,last one
potrzebował,he needed
jim,jim
początek,beginning
najlepszym,the best
zajęty,occupied
książkę,book
każda,each
pierwszej,first
uczucie,feeling
potrzebny,necessary
henry,Henry
odłóż,put it aside
bill,bill
lekarza,doctor
wyjaśnić,explain
tuż,next door
oprócz,apart from
wśród,among
wielką,great
przyszłości,future
córkę,daughter
złapać,to catch
samą,alone
ilu,how many
wojnę,war
miłego,have a nice one
nieco,little
straszne,horrible
żyją,they are alive
adres,address
druga,second
gości,guests
siedzieć,sit
zdobyć,to win
kate,kate
rząd,government
informacji,information
kawy,coffee
zdaje,it seems
idźcie,go
łóżku,bed
chłopaka,boyfriend
wyprawiasz,you are doing
przysługę,favor
abyś,you
ruch,movement
damy,ladies
gratulacje,Congratulations
zostanę,I will stay
gliny,cops
biurze,office
prawdziwa,TRUE
zabij,kill
sądzie,court
zamierzasz,you're going to
wierzyć,believe
zapomniałem,I forgot
matkę,mother
zostawił,he left
życiem,life
swego,his own
dziękujemy,thank you
info,info
znalazłeś,you found it
stał,steel
wyjścia,exits
ciąży,pregnancy
osiem,eight
pracował,he worked
chwilkę,wait a minute
byśmy,we would
zimno,Cold
raport,report
leży,lies
godzina,time
kończy,ends
wyjdzie,will come out
wodę,water
imieniu,name
użyć,use
weekend,weekend
nasi,ours
kontakt,contact
san,san
kości,bones
pobliżu,nearby
zostaniesz,you will stay
nick,nickname
chronić,protect
ray,ray
błagam,I'm begging you
świetna,great
zostałem,I stayed
najwyraźniej,apparently
codziennie,every day
poczekać,wait
telewizji,television
usiąść,sit down
morderstwo,murder
zabrał,took it away
chętnie,gladly
pieprzyć,fuck
angeles,angeles
szuka,looking for
zabiłem,I killed
okno,window
różne,different
problemu,problem
własną,own
podać,to give
założę,I will
podróż,trip
dałem,I gave
boską,divine
kolej,rail
laboratorium,laboratory
cudownie,wonderfully
powiedzenia,sayings
mieszkanie,apartment
rozumie,Understands
urodziny,birthday
ochotę,desire
zapomnieć,forget
zespół,team
billy,Billy
króla,king
wrócisz,you will come back
wizja,vision
przynieś,bring it
pierwszą,first
spójrzcie,look
święta,holidays
badania,tests
zobaczmy,let's see
świetne,great
wóz,car
USA,USA
dolców,bucks
wrażenie,impression
głowa,head
ślady,traces
siostry,sisters
dawna,long time ago
dumny,proud
widzicie,you see
Johnny,Johnny
komu,to whom
will,Will
najlepszego,the best
lecieć,fly
wysoki,tall
przestańcie,stop it
Chris,Chris
linii,lines
niewiele,few
bobby,bobby
mogłabym,I could
latach,years
umiesz,you can
fakt,fact
wyszedł,he left
śniadanie,breakfast
poruczniku,Lieutenant
jedzenia,eating
mogłabyś,you could
odbiór,reception
liczy,counts
bliżej,closer
odebrać,to pick up
innymi,others
wynoś,out
przeciw,against
karty,cards
eddie,Eddie
oddać,to give back
mistrzu,master
zróbmy,let's do it
wydostać,get out
znalazłam,I found it
spojrzeć,look
znaleźli,found
szukasz,you are looking for
dave,dave
szczęścia,happiness
pański,your
czekam,I'm waiting
pistolet,gun
synem,son
wiary,faith
opuścić,leave
obraz,picture
straciłem,I lost it
lekarz,doctor
dostanę,I'll get it
wziął,he took it
zgadzam,I agree
zaufaj,trust
chodzić,go
szczęśliwa,happy
miałbym,I would
mówiłaś,you said
możliwości,possibilities
przyjemność,pleasure
wow,wow
rana,wound
przyznać,admit
każdą,each
dala,away
wybaczyć,forgive
siedzi,sits
ofiary,victims
słońce,sun
sytuacja,situation
twierdzi,claims
dowody,evidence
wyjście,Exit
przede,first of all
chciałby,would like to
faceci,guys
otwarte,Open
yeah,yeah
zapłacić,pay
młoda,young
czarny,black
tysiące,thousands
spodoba,like it
ładna,pretty
zwłaszcza,especially
de,de
obaj,both
zgodnie,according
brać,to take
zeszłym,last
udział,participation
mecz,game
zostaje,stays
kuchni,kitchen
nowych,new ones
zabawy,fun
dostanie,will get
banku,bank
subedit,subedit
trzyma,holds
jane,Jane
jasna,sure
mężczyzn,men
zgoda,agreement
drugim,the second
nikim,nobody
kochać,love
juz,Already
mówimy,we say
nr,no
dwoje,two
córki,daughters
pozbyć,get rid of
małego,little one
stare,old
krok,step
kasę,money
pierwszego,the first one
dna,gout
żegnaj,goodbye
umiem,I can
kod,code
dzwonił,he called
lee,lee
zabawa,game
dziwnie,strangely
przychodzi,comes
szefem,boss
uciekać,run away
listy,lists
bank,bank
wyjdź,leave
biuro,office
zacznie,will start
myślałeś,you thought
wobec,to
głodny,hungry
niebezpieczne,dangerous
rodziną,family
moimi,mine
okej,okay
akcji,shares
panna,Virgin
pobrane,downloaded
teren,area
towar,commodity
rozkazy,orders
kazał,he ordered
łódź,Łódź
Sarah,Sarah
głupia,stupid
Tommy,Tommy
ostatnim,the last one
kolejne,next
dziewczynka,girl
dupy,asses
prezydenta,president
powinni,they should
mózg,brain
powietrze,air
naprawić,to fix
umrze,he will die
poziom,level
lunch,lunch
ładne,nice
muzyka,music
pierdol,fuck
inną,another one
biały,white
kierunku,direction
akurat,exactly
biorę,I take it
wraca,comes back
żart,joke
nazwiska,names
poradzę,I can handle it
ataku,attack
wyglądają,they look
dotykaj,touch
zdrowie,health
zbrodni,crimes
idą,they're coming
Richard,Richard
mil,miles
słów,words
szalony,crazy
rzeczywiście,actually
prawdy,truth
niespodzianka,surprise
rozmawiałem,I talked
działać,work
km,km
widok,view
przodu,front
szukamy,we are looking
mężczyzną,man
dobrej,good
of,of
dziękuje,Thank you
usta,mouth
grę,game
ostatnią,the last one
wrócimy,we will come back
rodzinie,family
ochrony,protection
spadaj,get lost
daję,I give
wewnątrz,inside
ej,hey
Claire,Claire
pięciu,five
rozmawialiśmy,we talked
pomożesz,you will help
test,test
słońca,sun
xvid,xvid
uwagi,comments
Andy,Andy
zmieni,will change
pomyślałam,I thought
przyszła,she came
strach,fear
zrobiliśmy,we did
rozmowę,conversation
liście,leaves
lekarzem,doctor
forsę,money
in,incl
wracamy,we're coming back
bronią,weapons
zaczęło,it started
wsiadaj,get in
dupek,asshole
sprawia,makes
it,etc
interesuje,interested
stracić,lose
powiedzmy,let's say
chłopca,boy
szkodzi,it's harmful
potrzebne,necessary
zmienia,changes
pociąg,train
państwo,country
dniu,day
przypadek,case
zaczynam,I'm starting
najlepsza,the best
skończyłem,I'm done
odzyskać,to regain
czuć,feel
milion,million
problemów,problems
rękach,hands
poszła,she went
wspaniała,wonderful
umiera,dies
zamknięte,Closed
myślicie,you think
ładny,pretty
alarm,alarm
żył,lived
rodzaj,type
znaczyć,mean
wysłać,send
momencie,moment
pory,pores
przypadku,case
wybrać,to choose
wynocha,get out
własnej,own
iż,that
rozmowy,conversations
abym,so that
operacji,surgery
jedziesz,you're going
gadać,talk
jakość,quality
kotku,baby
dupku,asshole
facetów,guys
czekajcie,wait
biegnij,run
obu,both
decyzję,decision
waszej,yours
steve,steve
drugiego,the second
szaleństwo,madness
Jerry,Jerry
język,Tongue
lubią,they like
obudź,wake up
gówna,shit
wygrać,win
spróbuję,I'll try
przyszedłeś,you came
wiec,So
leo,Leo
względu,no matter
odnaleźć,find
układ,system
sens,sense
psy,dogs
oczach,eyes
śmiercią,death
uciekł,he escaped
zaufać,trust
czasy,times
ruszamy,let's go
zabiorę,I'll take it
bycie,being
interesy,business
oczu,eyes
szans,chances
nazywają,they call
wyniki,results
miliony,millions
miła,nice
wątpię,I doubt it
nieba,heaven
inna,different
sukinsyn,son of a bitch
południe,south
armii,army
bawić,have fun
zazwyczaj,usually
wydarzyło,happened
punkt,point
dostałeś,you got it
pozwoli,will allow
następnego,next
zdecydowanie,definitely
mówili,they said
prowadzić,to lead
stop,Stop
oglądać,to watch
woli,will
kłopotów,trouble
ziemia,earth
innej,another
dziećmi,children
sto,hundred
indziej,else
bratem,brother
daleka,far away
szanse,chances
dzwoni,calls
widzieliśmy,we saw
van,van
budynek,building
synchro,synchro
bierze,takes
warto,it's worth it
musze,I have to
umysł,mind
mego,mine
detektyw,detective
każde,each
konia,horse
zmiany,changes
różnica,difference
robiłem,I did
długi,long
listę,list
hmm,hmm
duża,big
pomaga,helps
własnego,own
musiałam,I had to
wujek,uncle
nóż,knife
żadna,none
państwa,countries
niektóre,some
podziękować,thank
nadchodzi,is coming
żyję,is alive
tamtej,that one
zostali,they stayed
cholernie,damned
larry,Larry
radio,radio
bólu,pain
ha,ha
walka,fight
zabierzcie,take it away
zniknął,disappeared
wiedzieli,they knew
chciałaś,you wanted
doktora,doctor
prawdziwym,real
wyglądać,look
przekonać,to convince
pytam,I'm asking
wyluzuj,relax
dowie,will find out
trwa,lasts
znajduje,finds
poznałem,I met
ojcu,father
ostatnich,last
al,al
wolność,freedom
łeb,head
strzelaj,shoot
myślał,he thought
zabiją,they will kill
wychodzę,I'm leaving
posłuchać,listen
strzał,shot
kinomania,cinephilia
utrzymać,maintain
cholerny,damn
kasy,cash register
potrzebują,they need
okolicy,area
wolności,freedom
czułem,I felt
Carter,Carter
Jones,Jones
opowiedz,tell me
łodzi,boat
prosze,Please
czasów,times
minęło,passed
widziała,she saw
północy,midnight
ruchy,movements
ku,to
pokładzie,board
absolutnie,absolutely
vegas,vegas
małym,small
cisza,silence
klasy,classes
czekają,they are waiting
pytasz,you ask
nos,nose
przejmuj,take over
szlag,damn
mamą,mother
wierzy,he believes
lepszego,better
zabili,they killed
okropne,terrible
śmiało,go ahead
sali,hall
sprawdzę,I'll check
następne,next
powtarzam,I repeat
mieszkania,apartments
bój,funk
wraz,together
pańska,yours
zmarł,died
czterech,four
uczucia,feelings
czytać,to read
podejdź,come over
uwierz,believe me
doceniam,I appreciate
warte,worth it
czyżby,maybe
pańskie,yours
zero,zero
różnych,various
zobaczyłem,I saw
bomba,bomb
nowej,new one
pamięć,memory
taty,dad
zastanawiam,I wonder
klucze,keys
wróć,come back
rzeczą,thing
własny,own
przyjdę,I'll come
przypomina,reminds
danych,data
tatuś,daddy
przeszłości,the past
pochodzi,comes
zobaczy,he will see
napisane,written
mark,mark
mężem,husband
drogą,way
ubrania,clothes
akta,files
widzimy,we see
jakiejś,some
brian,Brian
żadne,none
ufać,trust
najważniejsze,the most important thing
doczekać,wait
sklepu,store
szczególnie,especially
północ,midnight
zostawię,I'll leave it
hatak,hatak
bazy,bases
podróży,travel
ręki,hands
prezydencie,president
spytać,ask
Chicago,Chicago
piątek,Friday
Charles,Charles
decyzja,decision
potrzebna,needed
ocalić,save
lewej,left
pojechać,go
obie,both
Rose,Rose
Amy,Amy
dopasowane,fitted
pić,drink
mojemu,mine
zmęczony,tired
wchodzi,comes in
randkę,date
grupy,groups
pieprz,pepper
waszych,yours
potrwa,it will take
bezpieczny,safe
gorąco,hot
stracił,lost
miecz,sword
pamięta,remembers
łatwe,easy
siłę,strength
zaczniemy,we'll start
wyjdziesz,you will leave
własnym,own
pospiesz,hurry up
słyszeć,to hear
śpi,sleeps
zbliża,getting closer
czekamy,we are waiting
kieszeni,pocket
świąt,world
stóp,Stop
zdarza,it happens
nogę,leg
generał,general
żołnierzy,soldiers
przeszkadza,disturbing
zajmuje,occupies
sprzęt,equipment
miałby,would have
wyszła,she left
silny,strong
szefa,boss
słodki,sweet
dostęp,access
spotkania,meetings
porozmawiamy,we'll talk
ufam,I trust
dowodów,evidence
winny,guilty
new,new
dzwonię,I'm calling
firma,business
zginąć,die
trzymajcie,hold on
złym,bad
swoimi,with their own
głęboko,deep
małżeństwo,marriage
pełne,full
bierzesz,you take it
nieprawdaż,isn't it?
ranny,early
martwię,I'm worried
stanu,state
komputer,computer
połóż,put
auto,car
równie,as
założyć,to establish
zapewne,probably
nadszedł,it has come
kwiaty,flowers
niedaleko,near
wroga,enemy
paru,a few
dziwnego,strange
ameryki,america
cos,something
napiprojekt,napiprojekt
liczyć,to count
wiatr,wind
staje,stops
kawał,piece
straciliśmy,we lost
szkoła,school
zęby,To
zaszczyt,honor
zachować,keep
znaczenie,meaning
energii,energy
zaczekać,wait
potrzeby,needs
misji,mission
przyjemnością,pleasure
waszym,yours
możliwość,possibility
najszybciej,fastest
joey,joey
piłkę,ball
jakich,what
armia,army
zechcesz,you want
czerwony,red
stacji,station
byłaby,would be
cenę,price
dobrych,good ones
strachu,fear
musiałeś,you had to
cia,body
gratuluję,congratulations
wyjechać,leave
gdybyśmy,if we
pole,field
forsy,money
hotel,hotel
zapach,smell
zmieniło,changed
zabrali,they took it away
wojnie,war
mieszkam,I live
starego,old
oddział,branch
ted,ted
sklep,store
bezpiecznie,safely
house,house
odszedł,he left
królem,king
samolotu,plane
emily,emily
planu,plan
wróciłem,I'm back
jutra,tomorrow
brawo,way to go
boi,afraid
minutę,minute
bezpieczne,safe
kontroli,control
bzdury,Nonsense
ducha,spirit
pomyśleć,think
znacznie,much
dała,she gave
miały,they had
moze,Maybe
czysty,clean
profesorze,Professor
byłbym,I would
otwieraj,open
lot,flight
wyobrazić,imagine
zadowolony,content
domem,home
sprzedać,sell
przyniosę,I'll bring it
zdejmij,take it off
głową,head
martin,Martin
celem,goal
skończył,he finished
mężczyźni,men
musiało,it had to
tygodnia,week
żartuję,kidding
zasadzie,basically
przekazać,to pass
mogłaby,she could
don,don
móc,power
dałeś,you gave
zostaną,they will stay
obejrzeć,see
mogłoby,could
mamę,mom
wyszło,it worked out
zamian,exchange
umowę,contract
auta,cars
pomocą,help
umowa,agreement
śmieci,garbage
restauracji,restaurant
dan,dan
zacząłem,I started
normalnie,normally
odsuń,move away
kontrolę,control
sądu,court
mamie,mom
wszystkimi,everyone
znajdą,they will find
jestes,You are
tatusiu,daddy
zrobią,they will do
przyjechał,he arrived
kurs,course
chuck,chuck
rusz,move
eric,eric
spotkałem,I met
zostawcie,leave it
kompletnie,totally
troszkę,a little
dokumenty,documents
pamięci,memory
przeznaczenie,destiny
najlepszych,the best
zaczęła,she started
seksu,sex
duszę,soul
poprzez,by
moge,I can
przynieść,bring
samobójstwo,suicide
napisał,he wrote
robiłeś,you did
ross,ross
pełno,full
rzeki,rivers
wyciągnąć,draw out
potrzebować,need
córką,daughter
książka,book
zwierzęta,animals
podobało,liked it
ruchu,traffic
wyjdę,I'll leave
zabijesz,you will kill
długa,long
setki,hundreds
gwiazdy,stars
załatwię,I'll arrange it
bracia,brethren
zabijać,kill
wino,wine
trzeci,third
waszą,yours
bond,bond
stanów,states
patrzę,I'm looking
nawzajem,Mutually
aha,I see
kevin,kevin
gliną,clay
tamtego,that one
ryby,fish
morderstwa,murders
podnieś,pick up
annie,annie
gdziekolwiek,wherever
dwaj,two
prawej,right
kapitana,captain
las,forest
połowę,half
subgroup,subgroup
wyłącz,off
niedobrze,not good
udowodnić,prove
walter,Walter
zabija,kills
kurde,damn
planety,planets
proces,process
zejdź,come down
okoliczności,circumstances
zmienił,changed
książę,prince
barze,bar
siostrę,sister
kościoła,church
spodnie,Pants
mieszkasz,you live
kwestia,issue
wyglądał,looked
anglii,england
patrzysz,you look
bohaterem,hero
sytuację,situation
wątpliwości,doubts
patrzy,looks
sądziłem,I thought
niebo,sky
niezbyt,not very
sumie,all in all
ręka,hand
pete,pete
zadzwonił,he called
jenny,jenny
dachu,roof
powrót,return
słyszałaś,you heard
ledwo,barely
konieczne,necessary
fps,fps
widzieliście,you saw
czyni,makes
zmiana,Change
zadać,demand
sukinsynu,son of a bitch
doprawdy,really
mogliśmy,we could
uczyć,teach
pragnę,I want
pogadamy,we'll talk
umie,knows
powinniście,you should
wróciła,she's back
tysiąc,thousand
byliście,you were
normalne,normal
przedstawić,present
matt,Matt
zachód,West
robert,robert
prędzej,sooner
zostałeś,you stayed
prawdziwą,real
amen,Amen
sztuki,art
sprawą,thing
ryzyko,risk
używać,use
duch,ghost
stole,table
plaży,beach
nosi,wears
żebyście,so that you
cofnąć,undo
parku,park
napić,drink
wolne,free
rzucić,quit
zabieraj,take it away
badań,research
przyszłym,future
próbujesz,you try
porucznik,lieutenant
poważne,serious
dotąd,so far
środek,middle
bezpieczna,safe
zamiaru,intention
trzymam,I'm holding it
umarła,she died
dziewczynki,girls
ukryć,hide
wchodzę,I'm coming in
sklepie,store
dotrzeć,reach
chwilą,one sec
odpowiada,replies
obrony,defense
trzymasz,you hold
pisać,to write
pozwolenie,permission
gadasz,you're talking
waszego,yours
winy,guilt
mistrz,master
mogłaś,you could
życzę,I wish
czasach,times
funtów,pounds
systemu,system
imprezę,party
jazdy,driving
pozwala,allows
jean,jean
pomógł,helped
dużą,big
jacka,jack
rozmowa,conversation
jedi,jedi
napisać,write
darmo,free
suko,bitch
przygotuj,prepare
fajne,cool
słyszał,he heard
dziwny,weird
pewnym,certain
grace,Grace
którymi,which
znacie,you know
william,william
władzy,power
narkotyki,drugs
alan,alan
zrozumiano,understood
służyć,serve
dzwoń,bell
drzwiami,door
samych,alone
bilety,tickets
interesujące,interesting
czekał,he waited
znałem,I knew
jezus,Jesus
sercu,heart
pewność,confidence
przeprosić,apologize
przeszłość,past
jednostki,units
czynienia,dealing
uważać,be careful
dziadek,grandpa
pisze,I'm writing
ciężkie,heavy
znaleziono,found
wybierasz,you choose
chora,sick
słuchasz,you are listening
przyjąć,adopt
powietrza,air
jaj,eggs
smith,smith
mając,having
bać,afraid
wieczoru,evening
meksyku,Mexico
zajmij,occupy
projekt,design
oczywiste,obvious
gościem,guest
pieprzone,fucking
kelly,kelly
kamery,cameras
większe,bigger
powodów,reasons
dzieciaka,kid
wejście,entry
mylisz,you're wrong
bedzie,will be
thomas,thomas
babcia,grandmother
nosić,to wear
znalazła,she found it
klubu,club
okazję,opportunity
chłopcem,boy
połowa,half
niebie,heaven
czyste,clean
kolor,color
cholerne,damn
muzykę,music
tv,tv
drzewa,trees
najlepszą,the best
narkotyków,drugs
niewiarygodne,unbelievable
miami,Miami
zrobione,done
kumpel,buddy
twego,yours
lucy,lucy
żałuję,I regret
wschód,east
klientów,customers
władzę,authorities
wymaga,requires
biedny,poor
uśmiech,smile
zobaczył,saw
kupiłem,I bought
pomyłka,mistake
carl,Carl
szeryfie,Sheriff
nareszcie,at last
pracowałem,I was working
city,city
zacznij,start
poradzić,help
święty,holy
wyjątkiem,except
bilet,ticket
zginie,will die
daniel,daniel
żołnierze,soldiers
mb,meters
przyda,useful
cudowne,wonderful
łatwiej,easier
wyglądało,it looked like
złota,gold
kolana,knees
spędzić,spend
przeżyć,survive
sądzi,he thinks
drużyny,teams
wsparcie,support
majorze,Major
ofiar,victims
wesołych,Happy
odpowiedzialny,responsible
ofiara,victim
brakowało,was missing
sekret,secret
pierdolony,fucking
powinny,they should
oddech,breath
zajęcia,classes
ah,ah
wykorzystać,to use
raka,cancer
chcieliśmy,we wanted
muzyki,music
dar,gift
siostro,sister
studia,studies
będąc,being
jason,jason
red,ed
znał,he knew
jesli,If
słyszy,hears
Luke,Luke
problemem,problem
skrzywdzić,hurt
potrafią,they can
street,street
czysto,purely
Jackson,Jackson
śledztwo,investigation
siostrą,sister
wolałbym,I would rather
Susan,Susan
próba,attempt
sił,forces
piersi,breasts
działo,gun
stopy,feet
twoimi,yours
najmniej,least
dziewczyn,girls
witajcie,hello
plecy,back
Elizabeth,Elizabeth
bogiem,god
dali,they gave
pijany,drunk
wyspie,island
punkcie,point
zabójca,killer
kościół,church
winien,should
wszedł,came in
dziwka,whore
oddychać,breathe
służby,services
duszy,soul
zdarzyło,happened
zagrać,play
umrę,I will die
Lisa,Lisa
pełna,full
pokład,deck
szacunku,respect
odbiło,it bounced back
pozwolisz,you will allow it
klubie,club
czytałem,I was reading
wiedziałaś,you knew
rąk,cancer
zasad,rules
zdjęć,photos
osobę,person
małej,little one
zróbcie,do it
wróciłeś,you're back
dostałam,I received
wielkiej,great
kontynuować,to continue
Ryan,Ryan
oddychaj,breathe
poczucie,sense
terry,Terry
idealnie,perfectly
udawać,to pretend
imienia,name
zapytaj,ask
francji,France
udać,succeed
kontrolować,control
matko,mother
pojadę,I'll go
anna,Anna
zauważyłem,I noticed
boku,side
działania,actions
uszy,ears
zdjąć,take off
cud,miracle
wysoko,high
poszedłem,I went
movie,movie
akt,act
drużyna,team
pułkownik,colonel
jasno,clearly
park,park
latać,fly
filmie,movie
wydawało,it seemed
zachowanie,behavior
doszło,it happened
okna,windows
przyjaciółka,friend
scott,scott
strona,side
impreza,party
suka,female dog
ciśnienie,pressure
angielsku,English
przypuszczam,I suppose
posłuchajcie,listen
uważnie,carefully
kartę,card
dupie,ass
dziewięć,nine
kamień,stone
ludzkie,human
upewnić,make sure
zapłacę,I will pay
autobus,bus
tęsknię,I miss
południu,noon
żonaty,married
rachunek,Bill
próbowałam,I tried
dajesz,you give
wierz,believe
liceum,high school
wziąłem,I took it
złoto,gold
odpowiedzieć,reply
biorąc,taking
stała,constant
zabiła,she killed
nadziei,hope
ściany,walls
wykonać,perform
oddam,I'll give it back
odpocząć,to rest
zło,evil
miej,have
mieszkaniu,apartment
cofnij,undo
profesor,professor
zrobienia,to do
ważny,important
krwią,blood
zeszłej,last year
piekło,hell
wakacje,holidays
przedtem,before
pozwólcie,let me
pamiętać,remember
oby,may
ust,paragraph
dzieła,works
um,um
wprost,directly
pełni,full
najgorsze,the worst
tylu,so many
obecnie,Currently
scenariusz,scenario
helen,Helen
misja,mission
kłamiesz,you're lying
pojawił,appeared
grozi,threatens
piekła,hell
operacja,operation
wozu,car
sąd,court
chłopie,boy
byle,any
hank,Hank
pośpiesz,hurry up
karen,Karen
ciemności,darkness
okiem,eye
pozycji,position
przedstawienie,show
zasada,principle
chłopców,boys
bomby,bombs
żonie,wife
kluczyki,keys
klasie,class
ostatniego,last one
ed,ed
prawdziwego,real
kochał,he loved
znają,they know
mężczyznę,man
mądry,wise
grasz,you play
palców,fingers
idiota,idiot
łóżko,bed
wodą,water
odciski,prints
mieszkać,to live
morderca,murderer
przypadkiem,by chance
wolna,Free
połowie,half
szkołę,school
wyłączyć,turn off
prysznic,shower
johna,john
pokonać,defeat
ramię,arm
mamusiu,Mommy
przyszłam,I came
słodkie,sweet
kawałki,pieces
pańskiej,yours
piwnicy,basement
wysłał,sent
zegarek,watch
dookoła,around
ciężki,heavy
polega,relies
stopni,degrees
samochodem,by car
nazywał,he called
połączenie,connection
plus,plus
zastanawiałem,I wondered
przerwy,breaks
prawdą,TRUE
rada,advice
pyta,he asks
postawić,put
ukradł,stole
urządzenie,device
przystojny,handsome
agencie,agent
umrzesz,you will die
siedział,he was sitting
simon,Simon
własnych,own
lotnisko,airport
phoebe,phoebe
zapomniałeś,you forgot
kupił,bought
punktu,point
chwile,times
zakupy,shopping
szukają,they are looking for
okazało,it turned out
poniedziałek,Monday
palce,fingers
pojedziemy,we will go
ręką,hand
adam,adam
tajemnicy,secret
poprostu,simply
wstać,get up
drzewo,tree
odpowiedz,answer
zmęczona,tired
skończyła,she finished
szpital,hospital
wujku,uncle
trakcie,during
zostawiłem,I left it
kosztuje,costs
okropnie,terrible
dają,they give
kolejna,another one
wychodzić,go out
gazety,newspapers
okres,period
przyjdziesz,you will come
miejsc,places
działają,they work
matce,mother
bronić,defend
zjednoczonych,united
rzeczywistości,reality
wpadł,he fell in
tańczyć,dance
ameryce,america
goście,guests
twarzą,face
uwolnić,release
zacznę,I'll start
przerwę,break
ochrona,security
detektywie,detective
komórki,cells
zakończyć,end
prosił,he asked
litość,mercy
niedawno,recently
obrazy,pictures
alice,alice
zabawny,funny
ono,it
pełen,full
gejem,gay
piosenkę,song
zapomniałam,I forgot
rozmawiam,I'm talking
samochody,cars
wziąłeś,you took it
spotkaliśmy,we met
szacunkiem,respect
większy,greater
królowa,queen
próbuj,try
zdaniem,in my opinion
łazienki,bathrooms
wpaść,drop by
taniec,dance
para,couple
czysta,clean
używa,uses
szczery,honest
siła,force
herbaty,tea
chciałabyś,you would like to
czekałem,I waited
dźwięk,sound
tamten,that
wspomnienia,memories
odeszła,she left
położyć,put
sześciu,six
kłamstwo,lie
dotyczy,refers to
rusza,moves
leki,medicines
siedzisz,you are sitting
nagrodę,reward
bar,bar
pracujemy,we are working
operację,surgery
programu,program
żyjemy,we are alive
wywiad,interview
robin,robin
jemu,him
celi,cell
wstyd,shame
dawać,give
pilnuj,keep an eye on it
swojemu,to your own
chłopakiem,boyfriend
com,com
palec,finger
radzę,I advise
muzeum,museum
cierpię,I'm suffering
przyszło,it came
show,show
zmarła,died
walkę,fight
rządu,government
znieść,bear
aresztowany,arrested
julie,Julie
przyjdź,come
ważnego,important
grane,played
sierżant,sergeant
pomóżcie,help
marty,marty
starym,old
dostaje,gets
dupkiem,asshole
pozycję,position
starych,old ones
chuja,dick
piękną,Beautiful
przeczytać,read
odwiedzić,visit
ostrożny,careful
opowiedzieć,tell
kolacji,dinner
podobnie,similarly
weźmiemy,we will take it
klub,club
sa,are
szukałem,I was looking
bycia,being
poważny,serious
talent,talent
braci,brothers
tatą,dad
przyjaciółką,friend
białe,white
załatwione,settled
